{"val_gen/hmdb51_lenient":0.9047619047619048,"train/loss":0.37782404730460256,"val_gen/qvid_strict":0.25,"val_gen/qvid_lenient":0.5,"train/proj_lr":9.666310116395684e-05,"_runtime":74121.126126096,"val_gen/accuracy_strict":0.6,"_timestamp":1.7776330403201964e+09,"val_gen/kinetics_strict":0.42857142857142855,"train/backbone_lr":9.666310116395685e-06,"val_gen/kinetics_lenient":0.47619047619047616,"_wandb":{"runtime":74121},"_step":59,"val_gen/accuracy_lenient":0.66,"epoch":1,"val_gen/hmdb51_strict":0.9047619047619048}