{"epoch":2,"_wandb":{"runtime":14812},"train/backbone_lr":5.028217748296409e-06,"val_gen_epoch/accuracy_lenient":0.6925675675675675,"_runtime":14812.566568449,"val_gen/accuracy_lenient":0.695,"_timestamp":1.78064039391883e+09,"val_gen/qvid_lenient":0.695,"train/loss":0.23057245911695645,"val_gen_epoch/qvid_lenient":0.6925675675675675,"val/loss":0.6102266311645508,"val_gen/qvid_strict":0.61,"val_gen/accuracy_strict":0.61,"train/proj_lr":5.028217748296409e-05,"val_gen_epoch/accuracy_strict":0.625,"_step":463,"val_gen_epoch/qvid_strict":0.625}