{"val/pose_loss":4.597086368125357,"val/sft_loss":0.9104217866117138,"val/accuracy":0.09568812758417011,"train/pose_loss":4.438971166312695,"_step":2890,"_runtime":81550.20071079,"train/loss":1.2660515319555998,"train/sft_loss":0.8221544160507619,"_timestamp":1.7756500682336729e+09,"train/proj_lr":4.0670165387320885e-05,"train/backbone_lr":4.067016538732089e-06,"epoch":2,"val/loss":1.370130432299869,"_wandb":{"runtime":81550}}