{"_wandb":{"runtime":444},"_runtime":444.041428186,"_timestamp":1.7809771695654626e+09,"_step":29,"epoch":1}