{"train/loss":1.0550083927810192,"val_gen_epoch/qvid_lenient":0.22635135135135134,"val_gen/qvid_strict":0.23,"val_gen_epoch/qvid_strict":0.22297297297297297,"epoch":1,"val_gen_epoch/accuracy_lenient":0.22635135135135134,"val/loss":1.3400743007659912,"_timestamp":1.780676222829701e+09,"val_gen/qvid_lenient":0.235,"_step":586,"val_gen_epoch/accuracy_strict":0.22297297297297297,"train/backbone_lr":3.197972490704415e-09,"train/proj_lr":3.197972490704415e-08,"_wandb":{"runtime":29635},"val_gen/accuracy_lenient":0.235,"_runtime":29635.227695617,"val_gen/accuracy_strict":0.23}