{"val/loss":0.6740184426307678,"val_gen_epoch/qvid_lenient":0.6858108108108109,"val_gen/accuracy_lenient":0.7,"baseline/random_proj_lenient":0.98,"val_gen/accuracy_strict":0.61,"val_gen_epoch/accuracy_lenient":0.6858108108108109,"val_gen/qvid_lenient":0.7,"_runtime":90388.800619913,"_step":1758,"train/backbone_lr":6.309539092896888e-10,"val_gen_epoch/accuracy_strict":0.5945945945945946,"epoch":3,"_timestamp":1.780808178609819e+09,"baseline/pretrained_lenient":0.655,"baseline/random_proj_strict":0,"val_gen_epoch/qvid_strict":0.5945945945945946,"_wandb":{"runtime":90388},"train/loss":0.1460989081988373,"train/proj_lr":6.309539092896888e-09,"baseline/pretrained_strict":0.515,"val_gen/qvid_strict":0.61}