{"_step":0,"_wandb":{"runtime":130},"_runtime":130.538538756,"baseline/pretrained_strict":0.515,"baseline/pretrained_lenient":0.655,"_timestamp":1.7820961185039957e+09}