{"val_gen/qvid_lenient":0.5,"val_gen/qvid_strict":0.25,"val_gen/kinetics_strict":0.5238095238095238,"epoch":1,"val_gen/accuracy_strict":0.66,"_step":159,"train/loss":0.34171623367547,"train/proj_lr":5.690006226377629e-05,"train/backbone_lr":5.690006226377629e-06,"_wandb":{"runtime":73157},"val_gen/accuracy_lenient":0.7,"_timestamp":1.777972766230822e+09,"val_gen/hmdb51_lenient":0.9523809523809523,"_runtime":73157.265346068,"val_gen/hmdb51_strict":0.9523809523809523,"val_gen/kinetics_lenient":0.5238095238095238}