{"baseline/pretrained_lenient":0.655,"epoch":1,"baseline/random_proj_lenient":0.825,"val_gen/accuracy_strict":0.575,"train/loss":0.5695014272903791,"val_gen/qvid_strict":0.575,"train/backbone_lr":8.701002799235475e-06,"baseline/pretrained_strict":0.515,"_step":240,"val_gen/accuracy_lenient":0.68,"train/proj_lr":8.701002799235475e-05,"_wandb":{"runtime":11171},"baseline/random_proj_strict":0,"_runtime":11171.300380743,"_timestamp":1.7806240249558878e+09,"val_gen/qvid_lenient":0.68}