{"epoch":1,"_timestamp":1.780975217840919e+09,"_wandb":{"runtime":1920},"_runtime":1920.889828307,"_step":19}