{"val_gen/accuracy_strict":0.52,"_timestamp":1.7807170137856212e+09,"train/proj_lr":1.6998507620393174e-05,"val_gen/accuracy_lenient":0.6,"_step":1339,"train/backbone_lr":1.6998507620393173e-06,"val_gen_epoch/qvid_lenient":0.6047297297297297,"val_gen/qvid_lenient":0.6,"val_gen_epoch/qvid_strict":0.5,"train/loss":0.7201075057033449,"val_gen_epoch/accuracy_lenient":0.6047297297297297,"_wandb":{"runtime":39485},"val/loss":0.9057314991950989,"_runtime":39485.8310936,"val_gen_epoch/accuracy_strict":0.5,"val_gen/qvid_strict":0.52,"epoch":3}