{"_timestamp":1.7820714989653127e+09,"_step":0,"_wandb":{"runtime":131},"_runtime":131.218994111,"baseline/pretrained_strict":0.515,"baseline/pretrained_lenient":0.655}