{"baseline/pretrained_strict":0.515,"_wandb":{"runtime":138},"_runtime":138.753612148,"baseline/pretrained_lenient":0.655,"_timestamp":1.7820959659206614e+09,"_step":0}