{"val_gen_epoch/kinetics_lenient":0.6114285714285714,"val_gen_epoch/hmdb51_lenient":0.9314285714285714,"val_gen_epoch/qvid_strict":0.4864864864864865,"_runtime":83264.770785176,"val_gen/accuracy_strict":0.68,"val_gen/kinetics_lenient":0.5714285714285714,"val_gen/qvid_strict":0.375,"_wandb":{"runtime":83264},"val_gen_epoch/accuracy_strict":0.7051886792452831,"val_gen_epoch/kinetics_strict":0.5714285714285714,"_timestamp":1.781204981411299e+09,"val_gen/hmdb51_strict":0.9047619047619048,"train/backbone_lr":0,"val_gen/accuracy_lenient":0.74,"_step":1656,"val_gen_epoch/hmdb51_strict":0.9314285714285714,"val_gen/hmdb51_lenient":0.9047619047619048,"train/loss":0.2642046597121407,"epoch":2,"val_gen_epoch/qvid_lenient":0.6081081081081081,"val/loss":0.29582348465919495,"val_gen/qvid_lenient":0.75,"train/proj_lr":0,"val_gen_epoch/accuracy_lenient":0.7429245283018868,"val_gen/kinetics_strict":0.5714285714285714}