{"_timestamp":1.7821059808532596e+09,"_wandb":{"runtime":125},"_runtime":125.869926772,"_step":0,"baseline/pretrained_strict":0.515,"baseline/pretrained_lenient":0.655}