{"_runtime":129.745242182,"_step":0,"baseline/pretrained_strict":0.515,"baseline/pretrained_lenient":0.655,"_timestamp":1.7820696040138023e+09,"_wandb":{"runtime":129}}