{"train/backbone_lr":4.4354838709677425e-07,"train/pose_loss":12.446857917308808,"_timestamp":1.7758529793624494e+09,"train/proj_lr":4.435483870967742e-06,"_wandb":{"runtime":5940},"_runtime":5940.528904431,"train/sft_loss":0.657714194584696,"epoch":1,"_step":10,"train/loss":1.9024000108242034}